type,title,url,description,thumbnail,language,page_age
video,Measuring Customer Lifetime Value: A Data Scientist's Guide,https://www.youtube.com/watch?v=486x8ccQThE&pp=ygUKI2F0Y3V0b21lcg%3D%3D,"Enjoy the videos and music you love, upload original content, and share it all with friends, family, and the world on YouTube.","{'src': 'https://imgs.search.brave.com/Ss980kReyvsGyI3rUI4i8eaRg6xcWk5lOF3hMsHBQe4/rs:fit:200:200:1:0/g:ce/aHR0cHM6Ly9pLnl0/aW1nLmNvbS92aS80/ODZ4OGNjUVRoRS9o/cWRlZmF1bHQuanBn', 'original': 'https://i.ytimg.com/vi/486x8ccQThE/hqdefault.jpg'}",,
video,Full Tutorial: Customer Lifetime Value CLV Forecasting in R (Feat.,https://www.youtube.com/watch?v=4yE4Aq58Idg,"Welcome back! This is a full code tutorial on customer lifetime value forecasting using R and my Modeltime forecasting R package. Inside, I share the BEST da...","{'src': 'https://imgs.search.brave.com/F5SjxIY-Jb9Xaxdk2-HQ0lwQJJ9ECpQz6Qw1wwOsPAU/rs:fit:200:200:1:0/g:ce/aHR0cHM6Ly9pLnl0/aW1nLmNvbS92aS80/eUU0QXE1OElkZy9t/YXhyZXNkZWZhdWx0/LmpwZz9zcXA9LW9h/eW13RW1DSUFLRU5B/RjhxdUtxUU1hOEFF/Qi1BSC1DWUFDdGdX/S0Fnd0lBQkFCR0E4/Z1pTaFdNQTg9JmFt/cDtycz1BT240Q0xD/QXJCZmVnYnlZSHF0/TUpNV0RQVVVtcERJ/T1d3', 'original': 'https://i.ytimg.com/vi/4yE4Aq58Idg/maxresdefault.jpg?sqp=-oaymwEmCIAKENAF8quKqQMa8AEB-AH-CYACtgWKAgwIABABGA8gZShWMA8=&amp;rs=AOn4CLCArBfegbyYHqtMJMWDPUUmpDIOWw'}",,
video,Predictive vs. Historical Customer Lifetime Value (CLV),https://www.youtube.com/watch?v=6Rw6W5qLxZA,"Enjoy the videos and music you love, upload original content, and share it all with friends, family, and the world on YouTube.","{'src': 'https://imgs.search.brave.com/dlZqlxQaT9wCtieG7ecprqpLcdtIlHl7HcwmJ6kXT2w/rs:fit:200:200:1:0/g:ce/aHR0cHM6Ly9pLnl0/aW1nLmNvbS92aS82/Unc2VzVxTHhaQS9o/cWRlZmF1bHQuanBn', 'original': 'https://i.ytimg.com/vi/6Rw6W5qLxZA/hqdefault.jpg'}",,
video,How to Leverage Predictive Lifetime Value,https://www.youtube.com/watch?v=Dd1NXBbr-ls,"Enjoy the videos and music you love, upload original content, and share it all with friends, family, and the world on YouTube.","{'src': 'https://imgs.search.brave.com/IrraXggAqhtgb2LYY1zXFMqahQBI2v5CuolLWQ0iq6s/rs:fit:200:200:1:0/g:ce/aHR0cHM6Ly9pLnl0/aW1nLmNvbS92aS9E/ZDFOWEJici1scy9o/cWRlZmF1bHQuanBn', 'original': 'https://i.ytimg.com/vi/Dd1NXBbr-ls/hqdefault.jpg'}",,
video,Measuring Customer Lifetime Value: A Data Scientist's Guide,https://m.youtube.com/watch?v=486x8ccQThE&pp=ygUKI2F0Y3V0b21lcg%3D%3D,"Share your videos with friends, family, and the world","{'src': 'https://imgs.search.brave.com/Ss980kReyvsGyI3rUI4i8eaRg6xcWk5lOF3hMsHBQe4/rs:fit:200:200:1:0/g:ce/aHR0cHM6Ly9pLnl0/aW1nLmNvbS92aS80/ODZ4OGNjUVRoRS9o/cWRlZmF1bHQuanBn', 'original': 'https://i.ytimg.com/vi/486x8ccQThE/hqdefault.jpg'}",,
web,A Definitive Guide for predicting Customer Lifetime Value (CLV),https://www.analyticsvidhya.com/blog/2020/10/a-definitive-guide-for-predicting-customer-lifetime-value-clv/,"To be specific, <strong>both the BG/NBD and Pareto/NBD model actually tries to predict the future transactions of each customer</strong>. It is then combined with the Gamma-Gamma model, which adds the monetary aspect of the customer transaction and we finally get the customer lifetime value (CLV).",,en,2024-10-15T10:27:09
web,The Ultimate Guide to Predicting Your Customer's Lifetime Value. | AnalyticSoul,https://medium.com/analyticsoul/customer-lifetime-value-calculation-unlock-the-power-of-predictive-analytics-825dd50a67de,Learn advanced <strong>Customer</strong> <strong>Lifetime</strong> <strong>Value</strong> (CLV) strategies for <strong>predicting</strong> <strong>customer</strong> <strong>value</strong> and using data-driven insights to optimize business strategies.,,en,2024-11-23T00:31:21
web,Predictive Lifetime Value | Acquia CDP | Acquia Product Documentation,https://docs.acquia.com/customer-data-platform/machine-learning/predictive-lifetime-value,The Predictive Lifetime Value (PLTV) model <strong>predicts the revenue or margin of a customer in the next 12 months</strong>. The model predicts potential future value of customers and allows you to build campaigns around the predicted buying behavior.,,en,
web,"Customer Lifetime Value Prediction: Part 1 â€” Heuristics, Probabilities, and Machine Learning | by ChenDataBytes | Medium",https://medium.com/@chenycy/customer-lifetime-value-prediction-part-1-heuristics-probabilities-and-machine-learning-a31468090008,Modelling <strong>customer</strong> <strong>lifetime</strong> <strong>value</strong> (CLV) holds significant importance for businesses aiming to maximize profitability and enhance <strong>customer</strong> retention. CLV represents the total anticipated <strong>value</strong> aâ€¦,,en,2023-11-09T10:59:01
web,Customer Lifetime Value Prediction | Kaggle,https://www.kaggle.com/code/shailaja4247/customer-lifetime-value-prediction,Explore and run machine learning code with Kaggle Notebooks | Using data from <strong>Customer</strong> Segmentation Dataset,,en,2020-04-07T10:22:39
web,Why You Need to Predict Customer Lifetime Value | Pecan AI,https://www.pecan.ai/blog/why-predict-customer-lifetime-value/,"Neil Hoyne Chief Measurement Strategist at Google, in his book Converted: The Data-Driven Way to Win Customersâ€™ Hearts Â· Neil Hoyne, Chief Measurement Strategist at Google, discusses predicting LTV at a Pecan webinar ... <strong>A typical approach to calculating customer lifetime value is retrospective</strong>.",,en,2024-08-16T20:14:15
web,Predict customer lifetime value (CLV) - Dynamics 365 Customer Insights | Microsoft Learn,https://learn.microsoft.com/en-us/dynamics365/customer-insights/data/predict-customer-lifetime-value,<strong>Predict</strong> revenue potential for active <strong>customers</strong> in the future.,,en,2023-09-01T00:00:00
web,Predicting Customer Lifetime Value with AI Platform: training the models | Google Cloud,https://cloud.google.com/ai-platform/docs/clv-prediction-with-offline-training-train,"So if a customer bought 6 times over 40 days, the assumption is that they will buy 9 times over 60 days (60/40 * 6 = 9). <strong>Multiplying the count multiplier, the order count, and the average basket value for each customer</strong> gives a naive predicted target value for that customer.",,en,
web,Customer Lifetime Value: The Secret to Sustainable Business Growth,https://www.salesforce.com/blog/customer-lifetime-value/,"For example, real-time reports or dashboards that track CLV metrics can help you spot trends in customer behavior. When you spot these trends, you can actively address any decline in engagement that might indicate a larger issue. <strong>Predictive analytics</strong>: With predictive analytics in your CRM, ...",,en,2024-09-05T16:12:07
web,Predict Customer Lifetime Value: A Guide for Your Business,https://www.verfacto.com/blog/customer-lifetime-value/predict/,"Based on that specific number, ... want, and watch how LTV grows! ... There are a few ways you can predict your CLV, either <strong>through the aggregate model or the machine learning model</strong>....",,en,2022-12-30T12:43:22
web,What is customer lifetime value (CLV) and how to measure it?,https://www.qualtrics.com/experience-management/customer/customer-lifetime-value/,There are two ways of looking at customer lifetime value: historic customer lifetime value (how much each existing customer has already spent with your brand) and predictive customer lifetime value (<strong>how much customers could spend with your brand</strong>).,,en,2024-11-22T13:45:03
web,A novel approach to predicting customer lifetime value in B2B SaaS companies | Journal of Marketing Analytics,https://link.springer.com/article/10.1057/s41270-023-00234-6,"Finally, several business applications ... learning. ... Avoid common mistakes on your manuscript. Customer Lifetime Value (CLV) <strong>predicts the future value each customer may generate</strong>....",,en,
web,Full Tutorial: Customer Lifetime Value (CLV) in Python (Feat. Lifetimes + Pycaret) - YouTube,https://www.youtube.com/watch?v=37zlhmdjSeA,*** LIMITED TIME OFFER ***ðŸ’¥ Learn Python with Me: https://learn.business-science.io/2-course-python-production-track?el=youtube*** JOIN LEARNING LABS PRO **,,en,2024-02-05T14:00:03
web,Predicted CLV â€” Reference,https://docs.amperity.com/reference/attribute_predicted_clv.html,"To apply <strong>predicted</strong> CLV to your segment, start with the <strong>Predicted</strong> CLV Next 365 in the <strong>Predicted</strong> CLV Attributes table, and then set its condition to is greater than or equal to. After the attribute appears in your segment, specify an amount for <strong>predicted</strong> <strong>customer</strong> <strong>lifetime</strong> <strong>value</strong> that aligns to ...",,en,
web,A Deep Probabilistic Model for Customer Lifetime Value Prediction,https://research.google/pubs/a-deep-probabilistic-model-for-customer-lifetime-value-prediction/,"Accurate <strong>predictions</strong> <strong>of</strong> <strong>customers</strong>&#x27; future <strong>lifetime</strong> <strong>value</strong> (LTV) given their attributes and past purchase behavior enables a more <strong>customer</strong>-centric marketing strategy. Marketers can segment <strong>customers</strong> into various buckets based on the <strong>predicted</strong> LTV and, in turn, <strong>customize</strong> marketing messages or ...",,en,
web,Customer Lifetime Value Prediction with PyMC-Marketing | Towards Data Science,https://towardsdatascience.com/pymc-marketing-the-key-to-advanced-clv-customer-lifetime-value-forecasting-bc0730973c0a/,Explore the Depths of Buy-till-You-Die (BTYD) Modeling and Practical Coding Techniques,,en,2025-01-22T10:12:23
web,3 Best Machine Learning Models to Predict Customer Lifetime Value (CLTV) - Blue Orange Digital,https://blueorange.digital/blog/3-best-machine-learning-models-to-predict-customer-lifetime-value-cltv/,<strong>Customer</strong> <strong>Lifetime</strong> <strong>Value</strong> (CLTV) ... business. Marketing teams have a powerful toolâ€¦ Continue reading 3 Best Machine Learning Models to <strong>Predict</strong> <strong>Customer</strong> <strong>Lifetime</strong> <strong>Value</strong> (CLTV)...,,en,2024-05-16T06:06:20
web,Guide Business Decisions by Predicting Customer LTV | Pecan AI,https://www.pecan.ai/blog/guide-business-decisions-by-predicting-customer-ltv/,Learn how to calculate LTV in data analysis and make informed business decisions. Explore traditional methods and discover Pecan&#x27;s platform for LTV <strong>predictions</strong>. ... Crunching numbers and diving into <strong>customer</strong> data analytics? Wrapping your head around <strong>Lifetime</strong> <strong>Value</strong> (LTV) is crucial for boosting ...,,en,2024-01-26T17:56:48
web,The Strategist's Guide On Predict Customer Lifetime Value,https://wisernotify.com/blog/predict-customer-lifetime-value/,"Revolutionize your e-commerce business by <strong>predicting</strong> <strong>customer</strong> <strong>lifetime</strong> <strong>value</strong> (CLTV). Forecast revenue, optimize marketing, and drive growth with advanced analytics and machine learning.",,en,2025-01-02T06:43:20
web,Predicting Customer Lifetime Value with AI | COMARCH SA,https://www.comarch.com/trade-and-services/loyalty-marketing/blog/predicting-customer-lifetime-value-with-ai/,Discover the importance of CLV <strong>prediction</strong> for business success. Learn how to calculate <strong>customer</strong> <strong>lifetime</strong> <strong>value</strong> and leverage AI for accurate forecasting.,,en,2024-08-22T00:00:00
